--ارزیابی ها
Create Table Assessments (AssessmentID int Identity(1,1),StudentID int,HealthStatus nvarchar(50),GroupEvaluationScore nvarchar(50),AttitudinalField nvarchar(50),LifeTopics nvarchar(50)
,ConceptsSkillPhysicalFitness nvarchar(50),RecordPhysicalFitnessTest1 nvarchar(50),PhysicalFitnessTestScore1 nvarchar(50),RecordPhysicalFitnessTest2 nvarchar(50),PhysicalFitnessTestGrade2 nvarchar(50)
,PhysicalFitnessTestForDoingExercises nvarchar(50),RecordSportsSkillTest nvarchar(50),SportsSkillTestScore nvarchar(50),ParticipationSportsSkillTest nvarchar(50),TotalScoreIndividualEvaluation nvarchar(50)
,AverageIndividualGroupScore nvarchar(50),Constraint PK_Assessments Primary Key (AssessmentID))
Go
--شهر
Create Table Citys (CityID smallint,ProvinceID tinyint,City nvarchar(50),Constraint PK_Citys Primary Key (CityID))
Go
--کلاس
Create Table Classes (ClassID int Identity(1,1),SchoolID smallint,EducationalBaseID tinyint,Class nvarchar(50),EducationalYear nvarchar(50),Constraint PK_Classes Primary Key (ClassID))
Go
--نمایندگان کلاس
Create Table ClassRepresentatives (ClassRepresentativeID int Identity(1,1),ClassID int,StudentID int,Term nvarchar(50),Relation nvarchar(50),Constraint PK_ClassRepresentatives Primary Key (ClassRepresentativeID))
Go
--شرکت کنندگان
Create Table Contestants (ContestantID int Identity(1,1),Name nvarchar(50),NationalCode nvarchar(50),Class nvarchar(50),SportsField nvarchar(50)
,Height nvarchar(50),Weight nvarchar(50),DateBirth nvarchar(50),CompetitionLevel nvarchar(50),Constraint PK_Contestants Primary Key (ContestantID))
Go
--پایه های آموزشی
Create Table EducationalBases (EducationalBaseID tinyint,EducationalBase nvarchar(50),Constraint PK_EducationalBases Primary Key (EducationalBaseID))
Go
--ارزیابی های گروهی
Create Table GroupEvaluations (GroupEvaluationID int Identity(1,1),GroupName nvarchar(50),GroupManager nvarchar(50),GroupMembers nvarchar(50)
,ScoreAllMembersGroupHavingAppropriateSportsClothing nvarchar(50),ScoreGroupReportFromStatisticsInformationRegisteredByMembers nvarchar(50)
,InterestActiveParticipationGroupMembersCarryingOutClassProgramsActivities nvarchar(50),CooperationCooperationGroup nvarchar(50),ExtentPerformingSportsActivitiesHome nvarchar(50)
,ImplementationPracticalTasksCompleteTask nvarchar(50),ProjectContent nvarchar(50),Constraint PK_GroupEvaluations Primary Key (GroupEvaluationID))
Go
--آگاهی سلامت
Create Table HealthAwareness (HealthAwarenessID int Identity(1,1),StudentID int,Possess bit,Reason nvarchar(50),RecordDate char(10),Constraint PK_HealthAwareness Primary Key (HealthAwarenessID))
Go
--مراجعه والدین
Create Table ParentsReferences (ParentsReferenceID int Identity(1,1),Name nvarchar(50),Class nvarchar(50),Reason nvarchar(50)
,ReferenceDate nvarchar(50),Consideration nvarchar(50),Constraint PK_ParentsReferences Primary Key (ParentsReferenceID))
Go
--حضور و غیاب
Create Table Presences (PresenceID int Identity(1,1),StudentID int,GroupName nvarchar(50),PhysicalCondition nvarchar(50),InterestOrSportsField nvarchar(50),InputEvaluation nvarchar(50)
,DatePresence01 bit,DatePresence02 bit,DatePresence03 bit,DatePresence04 bit,DatePresence05 bit,DatePresence06 bit,DatePresence07 bit,DatePresence08 bit,DatePresence09 bit,DatePresence10 bit
,DatePresence11 bit,DatePresence12 bit,DatePresence13 bit,DatePresence14 bit,DatePresence15 bit,DatePresence16 bit,Feedback nvarchar(50),Constraint PK_Presences Primary Key (PresenceID))
Go
--استان
Create Table Provinces (ProvinceID tinyint,Province nvarchar(50),Constraint PK_Provinces Primary Key (ProvinceID))
Go
--نماینده انجمن های ورزشی
Create Table RepresentativeSportsAssociations (RepresentativeSportsAssociationID int Identity(1,1),ClassID int,StudentID int,Term nvarchar(50)
,SportsField nvarchar(50),Relation nvarchar(50),Constraint PK_RepresentativeSportsAssociations Primary Key (RepresentativeSportsAssociationID))
Go
--گزارش ایمنی فضای ورزشی مدرسه
Create Table SafetyReports (SafetyReportID smallint,SchoolID smallint,SafetyReport nvarchar(50),ActionTaken bit,NeedFollow bit,NotTaken bit,Description nvarchar(4000),Constraint PK_SafetyReports Primary Key (SafetyReportID))
Go
--آموزشگاه
Create Table Schools (SchoolID smallint Identity(1,1),CityID smallint,SchoolName nvarchar(50),Area nvarchar(50),StudyPeriod nvarchar(50)
,PhysicalEducationTeacher nvarchar(50),Manager nvarchar(50),CountStudent nvarchar(50),CountClass nvarchar(50),AmountTeaching nvarchar(50),Constraint PK_Schools Primary Key (SchoolID))
Go
--گروه تجهیزات ورزشی
Create Table SportEquipmentGroups (SportEquipmentGroupID tinyint,SportEquipmentGroup nvarchar(50),Constraint PK_SportEquipmentGroups Primary Key (SportEquipmentGroupID))
Go
--تجهیزات ورزشی
Create Table SportEquipments (SportEquipmentID smallint Identity(1,1),SportEquipmentGroupID tinyint,SchoolID smallint,EssentialsNeeded nvarchar(50)
,Available bit,UnAvailable bit,CountEquipment int,Description nvarchar(4000),Constraint PK_SportEquipments Primary Key (SportEquipmentID))
Go
--حوادث ورزشی
Create Table SportEvents (SportEventID int Identity(1,1),NameSurnameInjured nvarchar(50),NameFatherOrLegalGuardian nvarchar(50),NameSchool nvarchar(50),TypeAccident nvarchar(50)
,TypeInjuryAndSymptoms nvarchar(50),TypeActionsTaken nvarchar(50),TypeDeviceTransportedToMedicalCenters nvarchar(50),PeoplePresentSceneAccident nvarchar(50),EventDate nvarchar(50)
,EventWatch nvarchar(50),ContactNumberAndAddress nvarchar(50),NameAndSurnamePersonPresent nvarchar(50),NamePresentPersonFather nvarchar(50),ContactNumberPersonPresent nvarchar(50)
,AddressPersonPresent nvarchar(50),ReportAdjusterSpecifications nvarchar(50),DetailsManagerOrSupervisorIncidentSite nvarchar(50),Constraint PK_SportEvents Primary Key (SportEventID))
Go
--مصوبات جلسه کمیته ورزشی
Create Table SportsMeetingApprovals (SportsMeetingApprovalID int Identity(1,1),SportsMeetingID int,Description nvarchar(4000)
,ApprovalAdmin nvarchar(50),Employee nvarchar(50),ApprovalDateAction nvarchar(50),Constraint PK_SportsMeetingApprovals Primary Key (SportsMeetingApprovalID))
Go
--اعضای جلسه کمیته ورزشی
Create Table SportsMeetingMembers (SportsMeetingMemberID int Identity(1,1),SportsMeetingID int,SportsMeetingMember nvarchar(50),SportsMeetingMemberPost nvarchar(50),Constraint PK_SportsMeetingMembers Primary Key (SportsMeetingMemberID))
Go
--دستور جلسه کمیته ورزشی
Create Table SportsMeetingOrders (SportsMeetingOrderID int Identity(1,1),SportsMeetingID int,SportsMeetingOrderTitle nvarchar(50),SportsMeetingOrderAdmin nvarchar(50),Constraint PK_SportsMeetingOrders Primary Key (SportsMeetingOrderID))
Go
--جلسه کمیته ورزشی
Create Table SportsMeetings (SportsMeetingID int Identity(1,1),SchoolID smallint,SportsMeetingTitle nvarchar(50),SportsMeetingPlace nvarchar(50)
,SportsMeetingStart datetime,SportsMeetingEnd datetime,Summary nvarchar(4000),Constraint PK_SportsMeetings Primary Key (SportsMeetingID))
Go
--دانش آموزان
Create Table Students (StudentID int Identity(1,1),FirstName nvarchar(50),LastName nvarchar(50)
,FatherName nvarchar(50),NationalCode char(10),Mobile char(11),Constraint PK_Students Primary Key (StudentID))
Go
--برنامه های هفتگی تربیت بدنی
Create Table WeeklyPhysicalEducationPrograms (WeeklyPhysicalEducationProgramID tinyint,SchoolID smallint,WeekID tinyint,WeekName nvarchar(50),ClassHour1 nvarchar(50),ClassHour2 nvarchar(50)
,ClassHour3 nvarchar(50),ClassHour4 nvarchar(50),MorningShift bit,EveningShift bit,Constraint PK_WeeklyPhysicalEducationPrograms Primary Key (WeeklyPhysicalEducationProgramID))
Go





Alter Table Citys Add Constraint FK_Citys_ProvinceID Foreign Key (ProvinceID) References Provinces (ProvinceID)
Go
Alter Table Classes Add Constraint FK_Classes_SchoolID Foreign Key (SchoolID) References Schools (SchoolID)
Go
Alter Table Classes Add Constraint FK_Classes_EducationalBaseID Foreign Key (EducationalBaseID) References EducationalBases (EducationalBaseID)
Go
Alter Table ClassRepresentatives Add Constraint FK_ClassRepresentatives_ClassID Foreign Key (ClassID) References Classes (ClassID)
Go
Alter Table ClassRepresentatives Add Constraint FK_ClassRepresentatives_StudentID Foreign Key (StudentID) References Students (StudentID)
Go
Alter Table HealthAwareness Add Constraint FK_HealthAwareness_StudentID Foreign Key (StudentID) References Students (StudentID)
Go
Alter Table Presences Add Constraint FK_Presences_StudentID Foreign Key (StudentID) References Students (StudentID)
Go
Alter Table SafetyReports Add Constraint FK_SafetyReports_SchoolID Foreign Key (SchoolID) References Schools (SchoolID)
Go
Alter Table Schools Add Constraint FK_Schools_CityID Foreign Key (CityID) References Citys (CityID)
Go
Alter Table SportEquipments Add Constraint FK_SportEquipments_SchoolID Foreign Key (SchoolID) References Schools (SchoolID)
Go
Alter Table SportEquipments Add Constraint FK_SportEquipments_SportEquipmentGroupID Foreign Key (SportEquipmentGroupID) References SportEquipmentGroups (SportEquipmentGroupID)
Go
Alter Table SportsMeetingApprovals Add Constraint FK_SportsMeetingApprovals_SportsMeetingID Foreign Key (SportsMeetingID) References SportsMeetings (SportsMeetingID)
Go
Alter Table SportsMeetingMembers Add Constraint FK_SportsMeetingMembers_SportsMeetingID Foreign Key (SportsMeetingID) References SportsMeetings (SportsMeetingID)
Go
Alter Table SportsMeetingOrders Add Constraint FK_SportsMeetingOrders_SportsMeetingID Foreign Key (SportsMeetingID) References SportsMeetings (SportsMeetingID)
Go
Alter Table SportsMeetings Add Constraint FK_SportsMeetings_SchoolID Foreign Key (SchoolID) References Schools (SchoolID)
Go
Alter Table WeeklyPhysicalEducationPrograms Add Constraint FK_WeeklyPhysicalEducationPrograms_SchoolID Foreign Key (SchoolID) References Schools (SchoolID)
Go
Alter Table Assessments Add Constraint FK_Assessments_StudentID Foreign Key (StudentID) References Students (StudentID)
Go
Alter Table RepresentativeSportsAssociations Add Constraint FK_RepresentativeSportsAssociations_StudentID Foreign Key (StudentID) References Students (StudentID)
Go
Alter Table RepresentativeSportsAssociations Add Constraint FK_RepresentativeSportsAssociations_ClassID Foreign Key (ClassID) References Classes (ClassID)
Go



Insert EducationalBases (EducationalBaseID,EducationalBase) VALUES (1,N'اول ابتدایی')
Insert EducationalBases (EducationalBaseID,EducationalBase) VALUES (2,N'دوم ابتدایی')
Insert EducationalBases (EducationalBaseID,EducationalBase) VALUES (3,N'سوم ابتدایی')
Insert EducationalBases (EducationalBaseID,EducationalBase) VALUES (4,N'چهارم ابتدایی')
Insert EducationalBases (EducationalBaseID,EducationalBase) VALUES (5,N'پنجم ابتدایی')
Insert EducationalBases (EducationalBaseID,EducationalBase) VALUES (6,N'ششم ابتدایی')
Insert EducationalBases (EducationalBaseID,EducationalBase) VALUES (7,N'هفتم دبیرستان')
Insert EducationalBases (EducationalBaseID,EducationalBase) VALUES (8,N'هشتم دبیرستان')
Insert EducationalBases (EducationalBaseID,EducationalBase) VALUES (9,N'نهم دبیرستان')
Insert EducationalBases (EducationalBaseID,EducationalBase) VALUES (10,N'دهم دبیرستان')
Insert EducationalBases (EducationalBaseID,EducationalBase) VALUES (11,N'یازدهم دبیرستان')
Insert EducationalBases (EducationalBaseID,EducationalBase) VALUES (12,N'دوازدهم دبیرستان')
Go
Insert SportEquipmentGroups (SportEquipmentGroupID,SportEquipmentGroup) Values (1,N'ملزومات عمومی')
Insert SportEquipmentGroups (SportEquipmentGroupID,SportEquipmentGroup) Values (2,N'والیبال')
Insert SportEquipmentGroups (SportEquipmentGroupID,SportEquipmentGroup) Values (3,N'بسکتبال')
Insert SportEquipmentGroups (SportEquipmentGroupID,SportEquipmentGroup) Values (4,N'هندبال')
Insert SportEquipmentGroups (SportEquipmentGroupID,SportEquipmentGroup) Values (5,N'فوتبال / فوتسال')
Insert SportEquipmentGroups (SportEquipmentGroupID,SportEquipmentGroup) Values (6,N'بدمینتون')
Insert SportEquipmentGroups (SportEquipmentGroupID,SportEquipmentGroup) Values (7,N'تنیس روی میز')
Go
Insert Provinces (ProvinceID,Province) Values (1,N'اردبیل')
Insert Provinces (ProvinceID,Province) Values (2,N'اصفهان')
Insert Provinces (ProvinceID,Province) Values (3,N'البرز')
Insert Provinces (ProvinceID,Province) Values (4,N'ایلام')
Insert Provinces (ProvinceID,Province) Values (5,N'آذربایجان شرقی')
Insert Provinces (ProvinceID,Province) Values (6,N'آذربایجان غربی')
Insert Provinces (ProvinceID,Province) Values (7,N'بوشهر')
Insert Provinces (ProvinceID,Province) Values (8,N'تهران')
Insert Provinces (ProvinceID,Province) Values (9,N'چهارمحال و بختیاری')
Insert Provinces (ProvinceID,Province) Values (10,N'خراسان جنوبی')
Insert Provinces (ProvinceID,Province) Values (11,N'خراسان رضوی')
Insert Provinces (ProvinceID,Province) Values (12,N'خراسان شمالی')
Insert Provinces (ProvinceID,Province) Values (13,N'خوزستان')
Insert Provinces (ProvinceID,Province) Values (14,N'زنجان')
Insert Provinces (ProvinceID,Province) Values (15,N'سمنان')
Insert Provinces (ProvinceID,Province) Values (16,N'سیستان و بلوچستان')
Insert Provinces (ProvinceID,Province) Values (17,N'فارس')
Insert Provinces (ProvinceID,Province) Values (18,N'قزوین')
Insert Provinces (ProvinceID,Province) Values (19,N'قم')
Insert Provinces (ProvinceID,Province) Values (20,N'کردستان')
Insert Provinces (ProvinceID,Province) Values (21,N'کرمان')
Insert Provinces (ProvinceID,Province) Values (22,N'کرمانشاه')
Insert Provinces (ProvinceID,Province) Values (23,N'کهگویه و بویر احمد')
Insert Provinces (ProvinceID,Province) Values (24,N'گلستان')
Insert Provinces (ProvinceID,Province) Values (25,N'گیلان')
Insert Provinces (ProvinceID,Province) Values (26,N'لرستان')
Insert Provinces (ProvinceID,Province) Values (27,N'مازندران')
Insert Provinces (ProvinceID,Province) Values (28,N'مرکزی')
Insert Provinces (ProvinceID,Province) Values (29,N'هرمزگان')
Insert Provinces (ProvinceID,Province) Values (30,N'همدان')
Insert Provinces (ProvinceID,Province) Values (31,N'یزد')
Go
Insert Citys (CityID,ProvinceID,City) Values (1,1,N'اردبیل')
Insert Citys (CityID,ProvinceID,City) Values (2,1,N'پارس آباد')
Insert Citys (CityID,ProvinceID,City) Values (3,1,N'مشگین شهر')
Insert Citys (CityID,ProvinceID,City) Values (4,1,N'خلخال')
Insert Citys (CityID,ProvinceID,City) Values (5,1,N'گرمی')
Insert Citys (CityID,ProvinceID,City) Values (6,1,N'نمین')
Insert Citys (CityID,ProvinceID,City) Values (7,1,N'بیله سوار')
Insert Citys (CityID,ProvinceID,City) Values (8,1,N'کوثر')
Insert Citys (CityID,ProvinceID,City) Values (9,1,N'نیر')
Insert Citys (CityID,ProvinceID,City) Values (10,1,N'سرعین')
Insert Citys (CityID,ProvinceID,City) Values (11,2,N'اصفهان')
Insert Citys (CityID,ProvinceID,City) Values (12,2,N'کاشان')
Insert Citys (CityID,ProvinceID,City) Values (13,2,N'خمینی شهر')
Insert Citys (CityID,ProvinceID,City) Values (14,2,N'نجف آباد')
Insert Citys (CityID,ProvinceID,City) Values (15,2,N'لنجان')
Insert Citys (CityID,ProvinceID,City) Values (16,2,N'فلاورجان')
Insert Citys (CityID,ProvinceID,City) Values (17,2,N'شاهین شهر و میمه')
Insert Citys (CityID,ProvinceID,City) Values (18,2,N'شهرضا')
Insert Citys (CityID,ProvinceID,City) Values (19,2,N'مبارکه')
Insert Citys (CityID,ProvinceID,City) Values (20,2,N'برخوار')
Insert Citys (CityID,ProvinceID,City) Values (21,2,N'آران و بیدگل')
Insert Citys (CityID,ProvinceID,City) Values (22,2,N'گلپایگان')
Insert Citys (CityID,ProvinceID,City) Values (23,2,N'سمیرم')
Insert Citys (CityID,ProvinceID,City) Values (24,2,N'تیران و کرون')
Insert Citys (CityID,ProvinceID,City) Values (25,2,N'فریدون')
Insert Citys (CityID,ProvinceID,City) Values (26,2,N'نطنز')
Insert Citys (CityID,ProvinceID,City) Values (27,2,N'اردستان')
Insert Citys (CityID,ProvinceID,City) Values (28,2,N'نائین')
Insert Citys (CityID,ProvinceID,City) Values (29,2,N'فریدون شهر')
Insert Citys (CityID,ProvinceID,City) Values (30,2,N'دهاقان')
Insert Citys (CityID,ProvinceID,City) Values (31,2,N'خوانسار')
Insert Citys (CityID,ProvinceID,City) Values (32,2,N'چادگان')
Insert Citys (CityID,ProvinceID,City) Values (33,2,N'بوئین و میاندشت')
Insert Citys (CityID,ProvinceID,City) Values (34,2,N'خور و بیابانک')
Insert Citys (CityID,ProvinceID,City) Values (35,3,N'کرج')
Insert Citys (CityID,ProvinceID,City) Values (36,3,N'فردیس')
Insert Citys (CityID,ProvinceID,City) Values (37,3,N'ساوجبلاغ')
Insert Citys (CityID,ProvinceID,City) Values (38,3,N'نظرآباد')
Insert Citys (CityID,ProvinceID,City) Values (39,3,N'اشتهارد')
Insert Citys (CityID,ProvinceID,City) Values (40,3,N'طالقان')
Insert Citys (CityID,ProvinceID,City) Values (41,4,N'ایلام')
Insert Citys (CityID,ProvinceID,City) Values (42,4,N'دهلران')
Insert Citys (CityID,ProvinceID,City) Values (43,4,N'چرداول')
Insert Citys (CityID,ProvinceID,City) Values (44,4,N'ایوان')
Insert Citys (CityID,ProvinceID,City) Values (45,4,N'آبدانان')
Insert Citys (CityID,ProvinceID,City) Values (46,4,N'دره شهر')
Insert Citys (CityID,ProvinceID,City) Values (47,4,N'مهران')
Insert Citys (CityID,ProvinceID,City) Values (48,4,N'ملکشاهی')
Insert Citys (CityID,ProvinceID,City) Values (49,4,N'بدره')
Insert Citys (CityID,ProvinceID,City) Values (50,4,N'سیروان')
Insert Citys (CityID,ProvinceID,City) Values (51,5,N'تبریز')
Insert Citys (CityID,ProvinceID,City) Values (52,5,N'مراغه')
Insert Citys (CityID,ProvinceID,City) Values (53,5,N'مرند')
Insert Citys (CityID,ProvinceID,City) Values (54,5,N'میانه')
Insert Citys (CityID,ProvinceID,City) Values (55,5,N'اسکو')
Insert Citys (CityID,ProvinceID,City) Values (56,5,N'اهر')
Insert Citys (CityID,ProvinceID,City) Values (57,5,N'شبستر')
Insert Citys (CityID,ProvinceID,City) Values (58,5,N'بناب')
Insert Citys (CityID,ProvinceID,City) Values (59,5,N'سراب')
Insert Citys (CityID,ProvinceID,City) Values (60,5,N'ملکان')
Insert Citys (CityID,ProvinceID,City) Values (61,5,N'آذر شهر')
Insert Citys (CityID,ProvinceID,City) Values (62,5,N'بستان آباد')
Insert Citys (CityID,ProvinceID,City) Values (63,5,N'عحب شیر')
Insert Citys (CityID,ProvinceID,City) Values (64,5,N'هریس')
Insert Citys (CityID,ProvinceID,City) Values (65,5,N'جلفا')
Insert Citys (CityID,ProvinceID,City) Values (66,5,N'هشترود')
Insert Citys (CityID,ProvinceID,City) Values (67,5,N'ورزقان')
Insert Citys (CityID,ProvinceID,City) Values (68,5,N'کلیبر')
Insert Citys (CityID,ProvinceID,City) Values (69,5,N'خدا آفرین')
Insert Citys (CityID,ProvinceID,City) Values (70,5,N'چاراویماق')
Insert Citys (CityID,ProvinceID,City) Values (71,6,N'ارومیه')
Insert Citys (CityID,ProvinceID,City) Values (72,6,N'خوی')
Insert Citys (CityID,ProvinceID,City) Values (73,6,N'میاندوآب')
Insert Citys (CityID,ProvinceID,City) Values (74,6,N'بوکان')
Insert Citys (CityID,ProvinceID,City) Values (75,6,N'مهاباد')
Insert Citys (CityID,ProvinceID,City) Values (76,6,N'سلماس')
Insert Citys (CityID,ProvinceID,City) Values (77,6,N'پیرانشهر')
Insert Citys (CityID,ProvinceID,City) Values (78,6,N'نقده')
Insert Citys (CityID,ProvinceID,City) Values (79,6,N'سردشت')
Insert Citys (CityID,ProvinceID,City) Values (80,6,N'ماکو')
Insert Citys (CityID,ProvinceID,City) Values (81,6,N'شاهین دژ')
Insert Citys (CityID,ProvinceID,City) Values (82,6,N'تکاب')
Insert Citys (CityID,ProvinceID,City) Values (83,6,N'اشنویه')
Insert Citys (CityID,ProvinceID,City) Values (84,6,N'شوط')
Insert Citys (CityID,ProvinceID,City) Values (85,6,N'چایپاره')
Insert Citys (CityID,ProvinceID,City) Values (86,6,N'چالدران')
Insert Citys (CityID,ProvinceID,City) Values (87,6,N'پلدشت')
Insert Citys (CityID,ProvinceID,City) Values (88,7,N'بوشهر')
Insert Citys (CityID,ProvinceID,City) Values (89,7,N'دشتستان')
Insert Citys (CityID,ProvinceID,City) Values (90,7,N'کنگان')
Insert Citys (CityID,ProvinceID,City) Values (91,7,N'گناوه')
Insert Citys (CityID,ProvinceID,City) Values (92,7,N'دشتی')
Insert Citys (CityID,ProvinceID,City) Values (93,7,N'تنگستان')
Insert Citys (CityID,ProvinceID,City) Values (94,7,N'عسلویه')
Insert Citys (CityID,ProvinceID,City) Values (95,7,N'جم')
Insert Citys (CityID,ProvinceID,City) Values (96,7,N'دیر')
Insert Citys (CityID,ProvinceID,City) Values (97,7,N'دیلم')
Insert Citys (CityID,ProvinceID,City) Values (98,8,N'تهران')
Insert Citys (CityID,ProvinceID,City) Values (99,8,N'شهریار')
Insert Citys (CityID,ProvinceID,City) Values (100,8,N'اسلامشهر')
Insert Citys (CityID,ProvinceID,City) Values (101,8,N'بهارستان')
Insert Citys (CityID,ProvinceID,City) Values (102,8,N'ملارد')
Insert Citys (CityID,ProvinceID,City) Values (103,8,N'پاکدشت')
Insert Citys (CityID,ProvinceID,City) Values (104,8,N'ری')
Insert Citys (CityID,ProvinceID,City) Values (105,8,N'قدس')
Insert Citys (CityID,ProvinceID,City) Values (106,8,N'رباط کریم')
Insert Citys (CityID,ProvinceID,City) Values (107,8,N'ورامین')
Insert Citys (CityID,ProvinceID,City) Values (108,8,N'قرچک')
Insert Citys (CityID,ProvinceID,City) Values (109,8,N'پردیس')
Insert Citys (CityID,ProvinceID,City) Values (110,8,N'دماوند')
Insert Citys (CityID,ProvinceID,City) Values (111,8,N'پیشوا')
Insert Citys (CityID,ProvinceID,City) Values (112,8,N'شمیرانات')
Insert Citys (CityID,ProvinceID,City) Values (113,8,N'فیروز کوه')
Insert Citys (CityID,ProvinceID,City) Values (114,9,N'شهر کرد')
Insert Citys (CityID,ProvinceID,City) Values (115,9,N'لردگان')
Insert Citys (CityID,ProvinceID,City) Values (116,9,N'بروجن')
Insert Citys (CityID,ProvinceID,City) Values (117,9,N'فارسان')
Insert Citys (CityID,ProvinceID,City) Values (118,9,N'کیار')
Insert Citys (CityID,ProvinceID,City) Values (119,9,N'اردل')
Insert Citys (CityID,ProvinceID,City) Values (120,9,N'کوهرنگ')
Insert Citys (CityID,ProvinceID,City) Values (121,9,N'سامان')
Insert Citys (CityID,ProvinceID,City) Values (122,9,N'بن')
Insert Citys (CityID,ProvinceID,City) Values (123,10,N'بیرجند')
Insert Citys (CityID,ProvinceID,City) Values (124,10,N'قائنات')
Insert Citys (CityID,ProvinceID,City) Values (125,10,N'طبس')
Insert Citys (CityID,ProvinceID,City) Values (126,10,N'درمیان')
Insert Citys (CityID,ProvinceID,City) Values (127,10,N'نهبندان')
Insert Citys (CityID,ProvinceID,City) Values (128,10,N'فردوس')
Insert Citys (CityID,ProvinceID,City) Values (129,10,N'سر بیشه')
Insert Citys (CityID,ProvinceID,City) Values (130,10,N'زیر کوه')
Insert Citys (CityID,ProvinceID,City) Values (131,10,N'سرایان')
Insert Citys (CityID,ProvinceID,City) Values (132,10,N'خوسف')
Insert Citys (CityID,ProvinceID,City) Values (133,10,N'بشرویه')
Insert Citys (CityID,ProvinceID,City) Values (134,11,N'مشهد')
Insert Citys (CityID,ProvinceID,City) Values (135,11,N'نیشابور')
Insert Citys (CityID,ProvinceID,City) Values (136,11,N'سبزوار')
Insert Citys (CityID,ProvinceID,City) Values (137,11,N'تربت جام')
Insert Citys (CityID,ProvinceID,City) Values (138,11,N'تربت حیدریه')
Insert Citys (CityID,ProvinceID,City) Values (139,11,N'قوچان')
Insert Citys (CityID,ProvinceID,City) Values (140,11,N'کاشمر')
Insert Citys (CityID,ProvinceID,City) Values (141,11,N'چناران')
Insert Citys (CityID,ProvinceID,City) Values (142,11,N'خواف')
Insert Citys (CityID,ProvinceID,City) Values (143,11,N'تایباد')
Insert Citys (CityID,ProvinceID,City) Values (144,11,N'فریمان')
Insert Citys (CityID,ProvinceID,City) Values (145,11,N'سرخس')
Insert Citys (CityID,ProvinceID,City) Values (146,11,N'گناباد')
Insert Citys (CityID,ProvinceID,City) Values (147,11,N'بردسکن')
Insert Citys (CityID,ProvinceID,City) Values (148,11,N'درگز')
Insert Citys (CityID,ProvinceID,City) Values (149,11,N'بینالود')
Insert Citys (CityID,ProvinceID,City) Values (150,11,N'زاوه')
Insert Citys (CityID,ProvinceID,City) Values (151,11,N'رشتخوار')
Insert Citys (CityID,ProvinceID,City) Values (152,11,N'باخرز')
Insert Citys (CityID,ProvinceID,City) Values (153,11,N'جوین')
Insert Citys (CityID,ProvinceID,City) Values (154,11,N'خلیل آباد')
Insert Citys (CityID,ProvinceID,City) Values (155,11,N'مه ولات')
Insert Citys (CityID,ProvinceID,City) Values (156,11,N'جغتای')
Insert Citys (CityID,ProvinceID,City) Values (157,11,N'فیروزه')
Insert Citys (CityID,ProvinceID,City) Values (158,11,N'خوشاب')
Insert Citys (CityID,ProvinceID,City) Values (159,11,N'کلات')
Insert Citys (CityID,ProvinceID,City) Values (160,11,N'بجستان')
Insert Citys (CityID,ProvinceID,City) Values (161,11,N'داورزن')
Insert Citys (CityID,ProvinceID,City) Values (162,12,N'بجنورد')
Insert Citys (CityID,ProvinceID,City) Values (163,12,N'شیروان')
Insert Citys (CityID,ProvinceID,City) Values (164,12,N'اسفراین')
Insert Citys (CityID,ProvinceID,City) Values (165,12,N'مانه و سملقان')
Insert Citys (CityID,ProvinceID,City) Values (166,12,N'راز و جرگلان')
Insert Citys (CityID,ProvinceID,City) Values (167,12,N'فاروج')
Insert Citys (CityID,ProvinceID,City) Values (168,12,N'جاجرم')
Insert Citys (CityID,ProvinceID,City) Values (169,12,N'گرمه')
Insert Citys (CityID,ProvinceID,City) Values (170,13,N'اهواز')
Insert Citys (CityID,ProvinceID,City) Values (171,13,N'دزفول')
Insert Citys (CityID,ProvinceID,City) Values (172,13,N'آبادان')
Insert Citys (CityID,ProvinceID,City) Values (173,13,N'بندر ماهشهر')
Insert Citys (CityID,ProvinceID,City) Values (174,13,N'شوش')
Insert Citys (CityID,ProvinceID,City) Values (175,13,N'ایذه')
Insert Citys (CityID,ProvinceID,City) Values (176,13,N'شوشتر')
Insert Citys (CityID,ProvinceID,City) Values (177,13,N'بهبهان')
Insert Citys (CityID,ProvinceID,City) Values (178,13,N'اندیمشک')
Insert Citys (CityID,ProvinceID,City) Values (179,13,N'خرمشهر')
Insert Citys (CityID,ProvinceID,City) Values (180,13,N'شادگان')
Insert Citys (CityID,ProvinceID,City) Values (181,13,N'رامهرمز')
Insert Citys (CityID,ProvinceID,City) Values (182,13,N'مسجد سلیمان')
Insert Citys (CityID,ProvinceID,City) Values (183,13,N'دشت آزادگان')
Insert Citys (CityID,ProvinceID,City) Values (184,13,N'کارون')
Insert Citys (CityID,ProvinceID,City) Values (185,13,N'باغملک')
Insert Citys (CityID,ProvinceID,City) Values (186,13,N'باوی')
Insert Citys (CityID,ProvinceID,City) Values (187,13,N'امیدیه')
Insert Citys (CityID,ProvinceID,City) Values (188,13,N'گتوند')
Insert Citys (CityID,ProvinceID,City) Values (189,13,N'رامشیر')
Insert Citys (CityID,ProvinceID,City) Values (190,13,N'حمیدیه')
Insert Citys (CityID,ProvinceID,City) Values (191,13,N'اندیکا')
Insert Citys (CityID,ProvinceID,City) Values (192,13,N'هویزه')
Insert Citys (CityID,ProvinceID,City) Values (193,13,N'هندیجان')
Insert Citys (CityID,ProvinceID,City) Values (194,13,N'لالی')
Insert Citys (CityID,ProvinceID,City) Values (195,13,N'هفتکل')
Insert Citys (CityID,ProvinceID,City) Values (196,13,N'آغاجاری')
Insert Citys (CityID,ProvinceID,City) Values (197,14,N'زنجان')
Insert Citys (CityID,ProvinceID,City) Values (198,14,N'خدابنده')
Insert Citys (CityID,ProvinceID,City) Values (199,14,N'ابهر')
Insert Citys (CityID,ProvinceID,City) Values (200,14,N'خرمدره')
Insert Citys (CityID,ProvinceID,City) Values (201,14,N'طارم')
Insert Citys (CityID,ProvinceID,City) Values (202,14,N'ماه نشان')
Insert Citys (CityID,ProvinceID,City) Values (203,14,N'ایجرود')
Insert Citys (CityID,ProvinceID,City) Values (204,14,N'سلطانیه')
Insert Citys (CityID,ProvinceID,City) Values (205,15,N'سمنان')
Insert Citys (CityID,ProvinceID,City) Values (206,15,N'شاهرود')
Insert Citys (CityID,ProvinceID,City) Values (207,15,N'دامغان')
Insert Citys (CityID,ProvinceID,City) Values (208,15,N'گرمسار')
Insert Citys (CityID,ProvinceID,City) Values (209,15,N'مهدی شهر')
Insert Citys (CityID,ProvinceID,City) Values (210,15,N'میامی')
Insert Citys (CityID,ProvinceID,City) Values (211,15,N'سرخه')
Insert Citys (CityID,ProvinceID,City) Values (212,15,N'آرادان')
Insert Citys (CityID,ProvinceID,City) Values (213,16,N'زاهدان')
Insert Citys (CityID,ProvinceID,City) Values (214,16,N'چابهار')
Insert Citys (CityID,ProvinceID,City) Values (215,16,N'ایرانشهر')
Insert Citys (CityID,ProvinceID,City) Values (216,16,N'سراوان')
Insert Citys (CityID,ProvinceID,City) Values (217,16,N'سرباز')
Insert Citys (CityID,ProvinceID,City) Values (218,16,N'خاش')
Insert Citys (CityID,ProvinceID,City) Values (219,16,N'زابل')
Insert Citys (CityID,ProvinceID,City) Values (220,16,N'نیک شهر')
Insert Citys (CityID,ProvinceID,City) Values (221,16,N'کنارک')
Insert Citys (CityID,ProvinceID,City) Values (222,16,N'سیب و سوران')
Insert Citys (CityID,ProvinceID,City) Values (223,16,N'زهک')
Insert Citys (CityID,ProvinceID,City) Values (224,16,N'مهرستان')
Insert Citys (CityID,ProvinceID,City) Values (225,16,N'دلگان')
Insert Citys (CityID,ProvinceID,City) Values (226,16,N'هیرمند')
Insert Citys (CityID,ProvinceID,City) Values (227,16,N'قصر قند')
Insert Citys (CityID,ProvinceID,City) Values (228,16,N'فنوج')
Insert Citys (CityID,ProvinceID,City) Values (229,16,N'نیمروز')
Insert Citys (CityID,ProvinceID,City) Values (230,16,N'میر جاوه')
Insert Citys (CityID,ProvinceID,City) Values (231,16,N'هامون')
Insert Citys (CityID,ProvinceID,City) Values (232,17,N'شیراز')
Insert Citys (CityID,ProvinceID,City) Values (233,17,N'مرودشت')
Insert Citys (CityID,ProvinceID,City) Values (234,17,N'کازرون')
Insert Citys (CityID,ProvinceID,City) Values (235,17,N'جهرم')
Insert Citys (CityID,ProvinceID,City) Values (236,17,N'لارستان')
Insert Citys (CityID,ProvinceID,City) Values (237,17,N'فسا')
Insert Citys (CityID,ProvinceID,City) Values (238,17,N'داراب')
Insert Citys (CityID,ProvinceID,City) Values (239,17,N'فیروز آباد')
Insert Citys (CityID,ProvinceID,City) Values (240,17,N'ممسنی')
Insert Citys (CityID,ProvinceID,City) Values (241,17,N'نی ریز')
Insert Citys (CityID,ProvinceID,City) Values (242,17,N'آباده')
Insert Citys (CityID,ProvinceID,City) Values (243,17,N'اقلید')
Insert Citys (CityID,ProvinceID,City) Values (244,17,N'لامرد')
Insert Citys (CityID,ProvinceID,City) Values (245,17,N'سپیدان')
Insert Citys (CityID,ProvinceID,City) Values (246,17,N'کوار')
Insert Citys (CityID,ProvinceID,City) Values (247,17,N'زرین دشت')
Insert Citys (CityID,ProvinceID,City) Values (248,17,N'قیر و کارزین')
Insert Citys (CityID,ProvinceID,City) Values (249,17,N'استهبان')
Insert Citys (CityID,ProvinceID,City) Values (250,17,N'مهر')
Insert Citys (CityID,ProvinceID,City) Values (251,17,N'خرامه')
Insert Citys (CityID,ProvinceID,City) Values (252,17,N'گراش')
Insert Citys (CityID,ProvinceID,City) Values (253,17,N'خرم بید')
Insert Citys (CityID,ProvinceID,City) Values (254,17,N'بوانات')
Insert Citys (CityID,ProvinceID,City) Values (255,17,N'فراشبند')
Insert Citys (CityID,ProvinceID,City) Values (256,17,N'رستم')
Insert Citys (CityID,ProvinceID,City) Values (257,17,N'ارسنجان')
Insert Citys (CityID,ProvinceID,City) Values (258,17,N'خنج')
Insert Citys (CityID,ProvinceID,City) Values (259,17,N'سروستان')
Insert Citys (CityID,ProvinceID,City) Values (260,17,N'پاسارگاد')
Insert Citys (CityID,ProvinceID,City) Values (261,18,N'قزوین')
Insert Citys (CityID,ProvinceID,City) Values (262,18,N'البرز')
Insert Citys (CityID,ProvinceID,City) Values (263,18,N'تاکستان')
Insert Citys (CityID,ProvinceID,City) Values (264,18,N'بوئین زهرا')
Insert Citys (CityID,ProvinceID,City) Values (265,18,N'آبیک')
Insert Citys (CityID,ProvinceID,City) Values (266,18,N'آوج')
Insert Citys (CityID,ProvinceID,City) Values (267,19,N'قم')
Insert Citys (CityID,ProvinceID,City) Values (268,19,N'کهک')
Insert Citys (CityID,ProvinceID,City) Values (269,19,N'قنوات')
Insert Citys (CityID,ProvinceID,City) Values (270,19,N'سلفچگان')
Insert Citys (CityID,ProvinceID,City) Values (271,19,N'جعفریه')
Insert Citys (CityID,ProvinceID,City) Values (272,19,N'دستجرد')
Insert Citys (CityID,ProvinceID,City) Values (273,20,N'سنندج')
Insert Citys (CityID,ProvinceID,City) Values (274,20,N'سقز')
Insert Citys (CityID,ProvinceID,City) Values (275,20,N'مریوان')
Insert Citys (CityID,ProvinceID,City) Values (276,20,N'بانه')
Insert Citys (CityID,ProvinceID,City) Values (277,20,N'قروه')
Insert Citys (CityID,ProvinceID,City) Values (278,20,N'کامیاران')
Insert Citys (CityID,ProvinceID,City) Values (279,20,N'بیجار')
Insert Citys (CityID,ProvinceID,City) Values (280,20,N'دیواندره')
Insert Citys (CityID,ProvinceID,City) Values (281,20,N'دهگلان')
Insert Citys (CityID,ProvinceID,City) Values (282,20,N'سرو آباد')
Insert Citys (CityID,ProvinceID,City) Values (283,21,N'کرمان')
Insert Citys (CityID,ProvinceID,City) Values (284,21,N'سیرجان')
Insert Citys (CityID,ProvinceID,City) Values (285,21,N'رفسنجان')
Insert Citys (CityID,ProvinceID,City) Values (286,21,N'جیرفت')
Insert Citys (CityID,ProvinceID,City) Values (287,21,N'بم')
Insert Citys (CityID,ProvinceID,City) Values (288,21,N'زرند')
Insert Citys (CityID,ProvinceID,City) Values (289,21,N'رودبار جنوب')
Insert Citys (CityID,ProvinceID,City) Values (290,21,N'شهر بابک')
Insert Citys (CityID,ProvinceID,City) Values (291,21,N'کهنوج')
Insert Citys (CityID,ProvinceID,City) Values (292,21,N'ریگان')
Insert Citys (CityID,ProvinceID,City) Values (293,21,N'بافت')
Insert Citys (CityID,ProvinceID,City) Values (294,21,N'عنبر آباد')
Insert Citys (CityID,ProvinceID,City) Values (295,21,N'بردسیر')
Insert Citys (CityID,ProvinceID,City) Values (296,21,N'قلعه گنج')
Insert Citys (CityID,ProvinceID,City) Values (297,21,N'فهرج')
Insert Citys (CityID,ProvinceID,City) Values (298,21,N'منوجان')
Insert Citys (CityID,ProvinceID,City) Values (299,21,N'نرماشیر')
Insert Citys (CityID,ProvinceID,City) Values (300,21,N'راور')
Insert Citys (CityID,ProvinceID,City) Values (301,21,N'ارزوئیه')
Insert Citys (CityID,ProvinceID,City) Values (302,21,N'انار')
Insert Citys (CityID,ProvinceID,City) Values (303,21,N'رابر')
Insert Citys (CityID,ProvinceID,City) Values (304,21,N'فاریاب')
Insert Citys (CityID,ProvinceID,City) Values (305,21,N'کوهبنان')
Insert Citys (CityID,ProvinceID,City) Values (306,22,N'کرمانشاه')
Insert Citys (CityID,ProvinceID,City) Values (307,22,N'اسلام آباد غرب')
Insert Citys (CityID,ProvinceID,City) Values (308,22,N'سر پل ذهاب')
Insert Citys (CityID,ProvinceID,City) Values (309,22,N'سنقر')
Insert Citys (CityID,ProvinceID,City) Values (310,22,N'هرسین')
Insert Citys (CityID,ProvinceID,City) Values (311,22,N'کنگاور')
Insert Citys (CityID,ProvinceID,City) Values (312,22,N'جوانرود')
Insert Citys (CityID,ProvinceID,City) Values (313,22,N'صحنه')
Insert Citys (CityID,ProvinceID,City) Values (314,22,N'پاوه')
Insert Citys (CityID,ProvinceID,City) Values (315,22,N'گیلانغرب')
Insert Citys (CityID,ProvinceID,City) Values (316,22,N'روانسر')
Insert Citys (CityID,ProvinceID,City) Values (317,22,N'دالاهو')
Insert Citys (CityID,ProvinceID,City) Values (318,22,N'ثلاث باباجانی')
Insert Citys (CityID,ProvinceID,City) Values (319,22,N'قصر شیرین')
Insert Citys (CityID,ProvinceID,City) Values (320,23,N'بویر احمد')
Insert Citys (CityID,ProvinceID,City) Values (321,23,N'کهگیلویه')
Insert Citys (CityID,ProvinceID,City) Values (322,23,N'گچساران')
Insert Citys (CityID,ProvinceID,City) Values (323,23,N'دنا')
Insert Citys (CityID,ProvinceID,City) Values (324,23,N'بهمئی')
Insert Citys (CityID,ProvinceID,City) Values (325,23,N'چرام')
Insert Citys (CityID,ProvinceID,City) Values (326,23,N'لنده')
Insert Citys (CityID,ProvinceID,City) Values (327,23,N'باشت')
Insert Citys (CityID,ProvinceID,City) Values (328,24,N'گرگان')
Insert Citys (CityID,ProvinceID,City) Values (329,24,N'گنبد کاووس')
Insert Citys (CityID,ProvinceID,City) Values (330,24,N'علی آباد')
Insert Citys (CityID,ProvinceID,City) Values (331,24,N'آق قلا')
Insert Citys (CityID,ProvinceID,City) Values (332,24,N'کلاله')
Insert Citys (CityID,ProvinceID,City) Values (333,24,N'آزاد شهر')
Insert Citys (CityID,ProvinceID,City) Values (334,24,N'رامیان')
Insert Citys (CityID,ProvinceID,City) Values (335,24,N'ترکمن')
Insert Citys (CityID,ProvinceID,City) Values (336,24,N'مینو دشت')
Insert Citys (CityID,ProvinceID,City) Values (337,24,N'کرد کوی')
Insert Citys (CityID,ProvinceID,City) Values (338,24,N'گمیشان')
Insert Citys (CityID,ProvinceID,City) Values (339,24,N'گالیکش')
Insert Citys (CityID,ProvinceID,City) Values (340,24,N'مراوه تپه')
Insert Citys (CityID,ProvinceID,City) Values (341,24,N'بندر گز')
Insert Citys (CityID,ProvinceID,City) Values (342,25,N'رشت')
Insert Citys (CityID,ProvinceID,City) Values (343,25,N'تالش')
Insert Citys (CityID,ProvinceID,City) Values (344,25,N'لاهیجان')
Insert Citys (CityID,ProvinceID,City) Values (345,25,N'رودسر')
Insert Citys (CityID,ProvinceID,City) Values (346,25,N'لنگرود')
Insert Citys (CityID,ProvinceID,City) Values (347,25,N'بندر انزلی')
Insert Citys (CityID,ProvinceID,City) Values (348,25,N'صومعه سرا')
Insert Citys (CityID,ProvinceID,City) Values (349,25,N'آستانه اشرفیه')
Insert Citys (CityID,ProvinceID,City) Values (350,25,N'رودبار')
Insert Citys (CityID,ProvinceID,City) Values (351,25,N'فومن')
Insert Citys (CityID,ProvinceID,City) Values (352,25,N'آستارا')
Insert Citys (CityID,ProvinceID,City) Values (353,25,N'رضوانشهر')
Insert Citys (CityID,ProvinceID,City) Values (354,25,N'شفت')
Insert Citys (CityID,ProvinceID,City) Values (355,25,N'ماسال')
Insert Citys (CityID,ProvinceID,City) Values (356,25,N'سیاهکل')
Insert Citys (CityID,ProvinceID,City) Values (357,25,N'املش')
Insert Citys (CityID,ProvinceID,City) Values (358,26,N'خرم آباد')
Insert Citys (CityID,ProvinceID,City) Values (359,26,N'بروجرد')
Insert Citys (CityID,ProvinceID,City) Values (360,26,N'دورود')
Insert Citys (CityID,ProvinceID,City) Values (361,26,N'کوهدشت')
Insert Citys (CityID,ProvinceID,City) Values (362,26,N'دلفان')
Insert Citys (CityID,ProvinceID,City) Values (363,26,N'الیگودرز')
Insert Citys (CityID,ProvinceID,City) Values (364,26,N'سلسله')
Insert Citys (CityID,ProvinceID,City) Values (365,26,N'ازنا')
Insert Citys (CityID,ProvinceID,City) Values (366,26,N'پلدختر')
Insert Citys (CityID,ProvinceID,City) Values (367,26,N'دوره')
Insert Citys (CityID,ProvinceID,City) Values (368,26,N'رومشکان')
Insert Citys (CityID,ProvinceID,City) Values (369,27,N'بابل')
Insert Citys (CityID,ProvinceID,City) Values (370,27,N'ساری')
Insert Citys (CityID,ProvinceID,City) Values (371,27,N'آمل')
Insert Citys (CityID,ProvinceID,City) Values (372,27,N'قائم شهر')
Insert Citys (CityID,ProvinceID,City) Values (373,27,N'بهشهر')
Insert Citys (CityID,ProvinceID,City) Values (374,27,N'تنکابن')
Insert Citys (CityID,ProvinceID,City) Values (375,27,N'نوشهر')
Insert Citys (CityID,ProvinceID,City) Values (376,27,N'بابلسر')
Insert Citys (CityID,ProvinceID,City) Values (377,27,N'نور')
Insert Citys (CityID,ProvinceID,City) Values (378,27,N'نکا')
Insert Citys (CityID,ProvinceID,City) Values (379,27,N'چالوس')
Insert Citys (CityID,ProvinceID,City) Values (380,27,N'محمود آباد')
Insert Citys (CityID,ProvinceID,City) Values (381,27,N'جویبار')
Insert Citys (CityID,ProvinceID,City) Values (382,27,N'رامسر')
Insert Citys (CityID,ProvinceID,City) Values (383,27,N'فریدونکنار')
Insert Citys (CityID,ProvinceID,City) Values (384,27,N'میاندرود')
Insert Citys (CityID,ProvinceID,City) Values (385,27,N'عباس آباد')
Insert Citys (CityID,ProvinceID,City) Values (386,27,N'سواد کوه')
Insert Citys (CityID,ProvinceID,City) Values (387,27,N'گلوگاه')
Insert Citys (CityID,ProvinceID,City) Values (388,27,N'سواد کوه شمالی')
Insert Citys (CityID,ProvinceID,City) Values (389,27,N'کلاردشت')
Insert Citys (CityID,ProvinceID,City) Values (390,27,N'سیمرغ')
Insert Citys (CityID,ProvinceID,City) Values (391,28,N'اراک')
Insert Citys (CityID,ProvinceID,City) Values (392,28,N'ساوه')
Insert Citys (CityID,ProvinceID,City) Values (393,28,N'شازند')
Insert Citys (CityID,ProvinceID,City) Values (394,28,N'خمین')
Insert Citys (CityID,ProvinceID,City) Values (395,28,N'زرندیه')
Insert Citys (CityID,ProvinceID,City) Values (396,28,N'محلات')
Insert Citys (CityID,ProvinceID,City) Values (397,28,N'خنداب')
Insert Citys (CityID,ProvinceID,City) Values (398,28,N'دلیجان')
Insert Citys (CityID,ProvinceID,City) Values (399,28,N'کمیجان')
Insert Citys (CityID,ProvinceID,City) Values (400,28,N'فراهان')
Insert Citys (CityID,ProvinceID,City) Values (401,28,N'تفرش')
Insert Citys (CityID,ProvinceID,City) Values (402,28,N'آشتیان')
Insert Citys (CityID,ProvinceID,City) Values (403,29,N'بندر عباس')
Insert Citys (CityID,ProvinceID,City) Values (404,29,N'میناب')
Insert Citys (CityID,ProvinceID,City) Values (405,29,N'بندر لنگه')
Insert Citys (CityID,ProvinceID,City) Values (406,29,N'قشم')
Insert Citys (CityID,ProvinceID,City) Values (407,29,N'رودان')
Insert Citys (CityID,ProvinceID,City) Values (408,29,N'بستک')
Insert Citys (CityID,ProvinceID,City) Values (409,29,N'حاجی آباد')
Insert Citys (CityID,ProvinceID,City) Values (410,29,N'جاسک')
Insert Citys (CityID,ProvinceID,City) Values (411,29,N'خمیر')
Insert Citys (CityID,ProvinceID,City) Values (412,29,N'پارسیان')
Insert Citys (CityID,ProvinceID,City) Values (413,29,N'سیریک')
Insert Citys (CityID,ProvinceID,City) Values (414,29,N'بشاگرد')
Insert Citys (CityID,ProvinceID,City) Values (415,29,N'ابوموسی')
Insert Citys (CityID,ProvinceID,City) Values (416,30,N'همدان')
Insert Citys (CityID,ProvinceID,City) Values (417,30,N'ملایر')
Insert Citys (CityID,ProvinceID,City) Values (418,30,N'نهاوند')
Insert Citys (CityID,ProvinceID,City) Values (419,30,N'کبودرآهنگ')
Insert Citys (CityID,ProvinceID,City) Values (420,30,N'بهار')
Insert Citys (CityID,ProvinceID,City) Values (421,30,N'رزن')
Insert Citys (CityID,ProvinceID,City) Values (422,30,N'تویسرکان')
Insert Citys (CityID,ProvinceID,City) Values (423,30,N'اسد آباد')
Insert Citys (CityID,ProvinceID,City) Values (424,30,N'فامنین')
Insert Citys (CityID,ProvinceID,City) Values (425,31,N'یزد')
Insert Citys (CityID,ProvinceID,City) Values (426,31,N'میبد')
Insert Citys (CityID,ProvinceID,City) Values (427,31,N'اردکان')
Insert Citys (CityID,ProvinceID,City) Values (428,31,N'مهریز')
Insert Citys (CityID,ProvinceID,City) Values (429,31,N'ابرکوه')
Insert Citys (CityID,ProvinceID,City) Values (430,31,N'بافق')
Insert Citys (CityID,ProvinceID,City) Values (431,31,N'تفت')
Insert Citys (CityID,ProvinceID,City) Values (432,31,N'خاتم')
Insert Citys (CityID,ProvinceID,City) Values (433,31,N'اشکذر')
Insert Citys (CityID,ProvinceID,City) Values (434,31,N'بهاباد')
Go